-- MySQL dump 10.13  Distrib 5.6.12, for Win64 (x86_64)
--
-- Host: localhost    Database: fyp
-- ------------------------------------------------------
-- Server version	5.6.12-log

/*!40101 SET @OLD_CHARACTER_SET_CLIENT=@@CHARACTER_SET_CLIENT */;
/*!40101 SET @OLD_CHARACTER_SET_RESULTS=@@CHARACTER_SET_RESULTS */;
/*!40101 SET @OLD_COLLATION_CONNECTION=@@COLLATION_CONNECTION */;
/*!40101 SET NAMES utf8 */;
/*!40103 SET @OLD_TIME_ZONE=@@TIME_ZONE */;
/*!40103 SET TIME_ZONE='+00:00' */;
/*!40014 SET @OLD_UNIQUE_CHECKS=@@UNIQUE_CHECKS, UNIQUE_CHECKS=0 */;
/*!40014 SET @OLD_FOREIGN_KEY_CHECKS=@@FOREIGN_KEY_CHECKS, FOREIGN_KEY_CHECKS=0 */;
/*!40101 SET @OLD_SQL_MODE=@@SQL_MODE, SQL_MODE='NO_AUTO_VALUE_ON_ZERO' */;
/*!40111 SET @OLD_SQL_NOTES=@@SQL_NOTES, SQL_NOTES=0 */;

--
-- Table structure for table `account`
--

DROP TABLE IF EXISTS `account`;
/*!40101 SET @saved_cs_client     = @@character_set_client */;
/*!40101 SET character_set_client = utf8 */;
CREATE TABLE `account` (
  `user_id` varchar(25) NOT NULL,
  `acc_create_ts` timestamp NOT NULL DEFAULT CURRENT_TIMESTAMP COMMENT 'Timestamp for creation of the account',
  `password` varchar(255) NOT NULL COMMENT 'Password for account',
  `first_nm` varchar(30) NOT NULL COMMENT 'First name of the user',
  `last_nm` varchar(30) NOT NULL COMMENT 'Last name of the user',
  `email_addr` varchar(200) DEFAULT NULL COMMENT 'Email address of the user',
  PRIMARY KEY (`user_id`)
) ENGINE=InnoDB DEFAULT CHARSET=utf8 COMMENT='Store system user data';
/*!40101 SET character_set_client = @saved_cs_client */;

--
-- Dumping data for table `account`
--

LOCK TABLES `account` WRITE;
/*!40000 ALTER TABLE `account` DISABLE KEYS */;
INSERT INTO `account` VALUES ('testuser1','2014-03-19 09:34:28','$2a$10$9b130962e8deb9f088b05uMCGg1fxtiWQV5gL6n3E0jL7rdWKatDe','test','yser1',NULL);
/*!40000 ALTER TABLE `account` ENABLE KEYS */;
UNLOCK TABLES;
/*!50003 SET @saved_cs_client      = @@character_set_client */ ;
/*!50003 SET @saved_cs_results     = @@character_set_results */ ;
/*!50003 SET @saved_col_connection = @@collation_connection */ ;
/*!50003 SET character_set_client  = utf8 */ ;
/*!50003 SET character_set_results = utf8 */ ;
/*!50003 SET collation_connection  = utf8_general_ci */ ;
/*!50003 SET @saved_sql_mode       = @@sql_mode */ ;
/*!50003 SET sql_mode              = 'NO_ENGINE_SUBSTITUTION' */ ;
DELIMITER ;;
/*!50003 CREATE*/ /*!50017 DEFINER=`root`@`localhost`*/ /*!50003 TRIGGER `convertToMySQLNull` BEFORE INSERT ON `account` FOR EACH ROW BEGIN
SET NEW.`email_addr`=NULLIF(NEW.`email_addr`,"NULL");
END */;;
DELIMITER ;
/*!50003 SET sql_mode              = @saved_sql_mode */ ;
/*!50003 SET character_set_client  = @saved_cs_client */ ;
/*!50003 SET character_set_results = @saved_cs_results */ ;
/*!50003 SET collation_connection  = @saved_col_connection */ ;

--
-- Table structure for table `dependency`
--

DROP TABLE IF EXISTS `dependency`;
/*!40101 SET @saved_cs_client     = @@character_set_client */;
/*!40101 SET character_set_client = utf8 */;
CREATE TABLE `dependency` (
  `DEPENDENCY_ID` int(10) unsigned zerofill NOT NULL AUTO_INCREMENT COMMENT 'Identify each corresponding dependency',
  `DEPENDENT_ON` int(10) unsigned zerofill DEFAULT NULL COMMENT 'Represents a task id the task requires before start',
  PRIMARY KEY (`DEPENDENCY_ID`)
) ENGINE=InnoDB AUTO_INCREMENT=363 DEFAULT CHARSET=utf8 COMMENT='Represent dependencies between tasks';
/*!40101 SET character_set_client = @saved_cs_client */;

--
-- Dumping data for table `dependency`
--

LOCK TABLES `dependency` WRITE;
/*!40000 ALTER TABLE `dependency` DISABLE KEYS */;
INSERT INTO `dependency` VALUES (0000000002,0000000003),(0000000137,0000000000),(0000000138,0000000000),(0000000139,0000000000),(0000000140,0000000000),(0000000141,0000000000),(0000000142,0000000000),(0000000143,0000000000),(0000000144,0000000000),(0000000145,0000000000),(0000000146,0000000000),(0000000147,0000000000),(0000000148,0000000000),(0000000149,0000000000),(0000000150,0000000000),(0000000151,0000000000),(0000000152,0000000000),(0000000153,0000000000),(0000000154,0000000000),(0000000155,0000000000),(0000000156,0000000000),(0000000157,0000000000),(0000000158,0000000000),(0000000159,0000000000),(0000000160,0000000000),(0000000161,0000000000),(0000000162,0000000000),(0000000163,0000000000),(0000000164,0000000000),(0000000165,0000000000),(0000000166,0000000000),(0000000167,0000000000),(0000000168,0000000000),(0000000169,0000000000),(0000000170,0000000000),(0000000171,0000000000),(0000000172,0000000000),(0000000173,0000000000),(0000000174,0000000000),(0000000175,0000000000),(0000000176,0000000000),(0000000177,0000000000),(0000000178,0000000000),(0000000179,0000000000),(0000000180,0000000000),(0000000181,0000000000),(0000000182,0000000000),(0000000183,0000000000),(0000000184,0000000000),(0000000185,0000000000),(0000000186,0000000000),(0000000187,0000000000),(0000000188,0000000000),(0000000189,0000000000),(0000000190,0000000000),(0000000191,0000000000),(0000000192,0000000000),(0000000193,0000000000),(0000000194,0000000000),(0000000195,0000000000),(0000000196,0000000000),(0000000197,0000000000),(0000000198,0000000000),(0000000199,0000000000),(0000000200,0000000000),(0000000201,0000000000),(0000000202,0000000000),(0000000203,0000000000),(0000000204,0000000000),(0000000205,0000000000),(0000000206,0000000000),(0000000207,0000000000),(0000000208,0000000000),(0000000209,0000000000),(0000000210,0000000000),(0000000211,0000000000),(0000000212,0000000000),(0000000213,0000000000),(0000000214,0000000000),(0000000215,0000000000),(0000000216,0000000000),(0000000217,0000000000),(0000000218,0000000000),(0000000219,0000000000),(0000000220,0000000000),(0000000221,0000000000),(0000000222,0000000000),(0000000223,0000000000),(0000000224,0000000000),(0000000225,0000000000),(0000000226,0000000000),(0000000227,0000000000),(0000000228,0000000000),(0000000229,0000000000),(0000000230,0000000000),(0000000231,0000000000),(0000000232,0000000000),(0000000233,0000000000),(0000000234,0000000000),(0000000235,0000000000),(0000000236,0000000000),(0000000237,0000000000),(0000000238,0000000000),(0000000239,0000000000),(0000000240,0000000000),(0000000241,0000000000),(0000000242,0000000000),(0000000243,0000000000),(0000000244,0000000000),(0000000245,0000000000),(0000000246,0000000000),(0000000247,0000000000),(0000000248,0000000000),(0000000249,0000000000),(0000000250,0000000000),(0000000251,0000000000),(0000000252,0000000000),(0000000253,0000000000),(0000000254,0000000000),(0000000255,0000000000),(0000000256,0000000000),(0000000257,0000000000),(0000000258,0000000000),(0000000259,0000000000),(0000000260,0000000000),(0000000261,0000000000),(0000000262,0000000000),(0000000263,0000000000),(0000000264,0000000000),(0000000265,0000000000),(0000000266,0000000000),(0000000267,0000000000),(0000000268,0000000000),(0000000269,0000000000),(0000000270,0000000000),(0000000271,0000000000),(0000000272,0000000000),(0000000273,0000000000),(0000000274,0000000000),(0000000275,0000000000),(0000000276,0000000000),(0000000277,0000000000),(0000000278,0000000000),(0000000279,0000000000),(0000000280,0000000000),(0000000281,0000000000),(0000000282,0000000000),(0000000283,0000000000),(0000000284,0000000000),(0000000285,0000000000),(0000000286,0000000000),(0000000287,0000000000),(0000000288,0000000000),(0000000289,0000000000),(0000000290,0000000000),(0000000291,0000000000),(0000000292,0000000000),(0000000293,0000000000),(0000000294,0000000000),(0000000295,0000000000),(0000000296,0000000000),(0000000297,0000000000),(0000000298,0000000000),(0000000299,0000000000),(0000000300,0000000000),(0000000301,0000000000),(0000000302,0000000000),(0000000303,0000000000),(0000000304,0000000000),(0000000305,0000000000),(0000000306,0000000000),(0000000307,0000000000),(0000000308,0000000000),(0000000309,0000000000),(0000000310,0000000000),(0000000311,0000000000),(0000000312,0000000000),(0000000313,0000000000),(0000000314,0000000000),(0000000315,0000000000),(0000000316,0000000000),(0000000317,0000000000),(0000000318,0000000000),(0000000319,0000000000),(0000000320,0000000000),(0000000321,0000000000),(0000000322,0000000000),(0000000323,0000000000),(0000000324,0000000000),(0000000325,0000000000),(0000000326,0000000000),(0000000327,0000000000),(0000000328,0000000000),(0000000329,0000000000),(0000000330,0000000000),(0000000331,0000000000),(0000000332,0000000000),(0000000333,0000000000),(0000000334,0000000000),(0000000335,0000000000),(0000000336,0000000000),(0000000337,0000000000),(0000000338,0000000000),(0000000339,0000000000),(0000000340,0000000000),(0000000341,0000000000),(0000000342,0000000000),(0000000343,0000000000),(0000000344,0000000000),(0000000345,0000000000),(0000000346,0000000000),(0000000347,0000000000),(0000000348,0000000000),(0000000349,0000000000),(0000000350,0000000000),(0000000351,0000000000),(0000000352,0000000000),(0000000353,0000000000),(0000000354,0000000000),(0000000355,0000000000),(0000000356,0000000000),(0000000357,0000000000),(0000000358,0000000000),(0000000359,0000000000),(0000000360,0000000000),(0000000361,0000000000),(0000000362,0000000000);
/*!40000 ALTER TABLE `dependency` ENABLE KEYS */;
UNLOCK TABLES;

--
-- Table structure for table `estimation`
--

DROP TABLE IF EXISTS `estimation`;
/*!40101 SET @saved_cs_client     = @@character_set_client */;
/*!40101 SET character_set_client = utf8 */;
CREATE TABLE `estimation` (
  `EST_ID` int(10) unsigned zerofill NOT NULL AUTO_INCREMENT COMMENT 'Estimation identifier to determine which project or task it is related to',
  `ACT_HR` int(4) unsigned DEFAULT NULL COMMENT 'Represents actual hours assigned to the project',
  `PLN_HR` int(4) unsigned DEFAULT NULL COMMENT 'Represents planned hours assigned to project',
  `START_DT` date NOT NULL DEFAULT '2014-05-06' COMMENT 'Represent the start date of the task',
  `ACT_END_DT` date DEFAULT NULL COMMENT 'Represent the actual estimated end date',
  `EST_END_DT` date NOT NULL DEFAULT '2014-05-06' COMMENT 'Represent the estimated end date of the task',
  PRIMARY KEY (`EST_ID`),
  UNIQUE KEY `TSK_ID` (`EST_ID`)
) ENGINE=InnoDB AUTO_INCREMENT=494 DEFAULT CHARSET=utf8;
/*!40101 SET character_set_client = @saved_cs_client */;

--
-- Dumping data for table `estimation`
--

LOCK TABLES `estimation` WRITE;
/*!40000 ALTER TABLE `estimation` DISABLE KEYS */;
INSERT INTO `estimation` VALUES (0000000001,95,123,'2014-06-06','2014-06-01','2014-07-31'),(0000000002,NULL,90,'2014-07-07',NULL,'2014-07-28'),(0000000076,NULL,123,'2313-04-03',NULL,'2400-03-12'),(0000000392,0,0,'0000-00-00','0000-00-00','0000-00-00'),(0000000393,0,0,'0000-00-00','0000-00-00','0000-00-00'),(0000000394,0,0,'0000-00-00','0000-00-00','0000-00-00'),(0000000395,0,0,'0000-00-00','0000-00-00','0000-00-00'),(0000000396,0,0,'0000-00-00','0000-00-00','0000-00-00'),(0000000397,0,0,'0000-00-00','0000-00-00','0000-00-00'),(0000000398,0,0,'0000-00-00','0000-00-00','0000-00-00'),(0000000399,0,0,'0000-00-00','0000-00-00','0000-00-00'),(0000000400,0,0,'0000-00-00','0000-00-00','0000-00-00'),(0000000401,0,0,'0000-00-00','0000-00-00','0000-00-00'),(0000000402,0,0,'0000-00-00','0000-00-00','0000-00-00'),(0000000403,0,0,'0000-00-00','0000-00-00','0000-00-00'),(0000000404,0,0,'0000-00-00','0000-00-00','0000-00-00'),(0000000408,0,0,'0000-00-00','0000-00-00','0000-00-00'),(0000000409,0,0,'0000-00-00','0000-00-00','0000-00-00'),(0000000410,0,0,'0000-00-00','0000-00-00','0000-00-00'),(0000000411,0,0,'0000-00-00','0000-00-00','0000-00-00'),(0000000412,0,0,'0000-00-00','0000-00-00','0000-00-00'),(0000000413,0,0,'0000-00-00','0000-00-00','0000-00-00'),(0000000414,0,0,'0000-00-00','0000-00-00','0000-00-00'),(0000000415,0,0,'0000-00-00','0000-00-00','0000-00-00'),(0000000416,0,0,'0000-00-00','0000-00-00','0000-00-00'),(0000000417,0,0,'0000-00-00','0000-00-00','0000-00-00'),(0000000418,0,0,'0000-00-00','0000-00-00','0000-00-00'),(0000000419,0,0,'0000-00-00','0000-00-00','0000-00-00'),(0000000420,0,0,'0000-00-00','0000-00-00','0000-00-00'),(0000000421,0,0,'0000-00-00','0000-00-00','0000-00-00'),(0000000422,0,0,'0000-00-00','0000-00-00','0000-00-00'),(0000000423,0,0,'0000-00-00','0000-00-00','0000-00-00'),(0000000424,0,0,'0000-00-00','0000-00-00','0000-00-00'),(0000000425,0,0,'0000-00-00','0000-00-00','0000-00-00'),(0000000426,0,0,'0000-00-00','0000-00-00','0000-00-00'),(0000000427,0,0,'0000-00-00','0000-00-00','0000-00-00'),(0000000428,0,0,'0000-00-00','0000-00-00','0000-00-00'),(0000000429,0,0,'0000-00-00','0000-00-00','0000-00-00'),(0000000431,0,0,'0000-00-00','0000-00-00','0000-00-00'),(0000000435,0,0,'2014-07-06','0000-00-00','2014-07-12'),(0000000437,0,0,'0000-00-00','0000-00-00','0000-00-00'),(0000000438,0,0,'0000-00-00','0000-00-00','0000-00-00'),(0000000439,0,0,'0000-00-00','0000-00-00','0000-00-00'),(0000000440,0,0,'0000-00-00','0000-00-00','0000-00-00'),(0000000441,0,0,'0000-00-00','0000-00-00','0000-00-00'),(0000000442,0,0,'0000-00-00','0000-00-00','0000-00-00'),(0000000443,0,0,'0000-00-00','0000-00-00','0000-00-00'),(0000000444,0,0,'0000-00-00','0000-00-00','0000-00-00'),(0000000445,0,0,'0000-00-00','0000-00-00','0000-00-00'),(0000000446,0,0,'0000-00-00','0000-00-00','0000-00-00'),(0000000447,0,0,'0000-00-00','0000-00-00','0000-00-00'),(0000000448,0,0,'0000-00-00','0000-00-00','0000-00-00'),(0000000449,0,0,'0000-00-00','0000-00-00','0000-00-00'),(0000000450,0,0,'0000-00-00','0000-00-00','0000-00-00'),(0000000451,0,0,'0000-00-00','0000-00-00','0000-00-00'),(0000000452,0,0,'0000-00-00','0000-00-00','0000-00-00'),(0000000453,0,0,'0000-00-00','0000-00-00','0000-00-00'),(0000000454,0,0,'0000-00-00','0000-00-00','0000-00-00'),(0000000455,0,0,'0000-00-00','0000-00-00','0000-00-00'),(0000000456,0,0,'0000-00-00','0000-00-00','0000-00-00'),(0000000457,0,0,'0000-00-00','0000-00-00','0000-00-00'),(0000000458,0,0,'0000-00-00','0000-00-00','0000-00-00'),(0000000459,0,0,'0000-00-00','0000-00-00','0000-00-00'),(0000000460,0,0,'0000-00-00','0000-00-00','0000-00-00'),(0000000461,0,0,'0000-00-00','0000-00-00','0000-00-00'),(0000000462,0,0,'0000-00-00','0000-00-00','0000-00-00'),(0000000463,0,0,'0000-00-00','0000-00-00','0000-00-00'),(0000000464,0,0,'0000-00-00','0000-00-00','0000-00-00'),(0000000465,0,0,'0000-00-00','0000-00-00','0000-00-00'),(0000000466,0,0,'0000-00-00','0000-00-00','0000-00-00'),(0000000467,0,0,'0000-00-00','0000-00-00','0000-00-00'),(0000000468,0,0,'0000-00-00','0000-00-00','0000-00-00'),(0000000469,0,0,'0000-00-00','0000-00-00','0000-00-00'),(0000000470,0,0,'0000-00-00','0000-00-00','0000-00-00'),(0000000471,0,0,'0000-00-00','0000-00-00','0000-00-00'),(0000000472,0,0,'0000-00-00','0000-00-00','0000-00-00'),(0000000473,0,0,'0000-00-00','0000-00-00','0000-00-00'),(0000000474,0,0,'0000-00-00','0000-00-00','0000-00-00'),(0000000475,0,0,'0000-00-00','0000-00-00','0000-00-00'),(0000000476,0,0,'0000-00-00','0000-00-00','0000-00-00'),(0000000477,0,0,'2014-07-01','0000-00-00','0000-00-00'),(0000000478,0,0,'2014-07-01','0000-00-00','0000-00-00'),(0000000479,0,0,'0000-00-00','0000-00-00','0000-00-00'),(0000000480,0,0,'0000-00-00','0000-00-00','0000-00-00'),(0000000481,0,0,'0000-00-00','0000-00-00','0000-00-00'),(0000000482,0,0,'0000-00-00','0000-00-00','0000-00-00'),(0000000483,0,0,'0000-00-00','0000-00-00','0000-00-00'),(0000000484,0,0,'0000-00-00','0000-00-00','0000-00-00'),(0000000485,0,0,'0000-00-00','0000-00-00','0000-00-00'),(0000000486,0,0,'0000-00-00','0000-00-00','0000-00-00'),(0000000487,0,0,'0000-00-00','0000-00-00','0000-00-00'),(0000000488,0,0,'0000-00-00','0000-00-00','0000-00-00'),(0000000489,0,25,'2014-04-27','0000-00-00','2014-04-28'),(0000000490,0,25,'2014-04-06','0000-00-00','2014-04-30'),(0000000491,NULL,25,'2014-05-02',NULL,'2014-05-18'),(0000000492,NULL,0,'2014-05-06',NULL,'2014-05-15');
/*!40000 ALTER TABLE `estimation` ENABLE KEYS */;
UNLOCK TABLES;

--
-- Table structure for table `project`
--

DROP TABLE IF EXISTS `project`;
/*!40101 SET @saved_cs_client     = @@character_set_client */;
/*!40101 SET character_set_client = utf8 */;
CREATE TABLE `project` (
  `proj_id` int(10) unsigned zerofill NOT NULL AUTO_INCREMENT COMMENT 'Project ID to provide a unique reference to each project',
  `proj_nm` varchar(30) DEFAULT NULL COMMENT 'Name of project',
  `proj_descr` varchar(200) DEFAULT NULL COMMENT 'Description of the project i.e. website URL etc',
  PRIMARY KEY (`proj_id`)
) ENGINE=InnoDB AUTO_INCREMENT=52 DEFAULT CHARSET=utf8 COMMENT='Table to store project data ';
/*!40101 SET character_set_client = @saved_cs_client */;

--
-- Dumping data for table `project`
--

LOCK TABLES `project` WRITE;
/*!40000 ALTER TABLE `project` DISABLE KEYS */;
INSERT INTO `project` VALUES (0000000001,'project number 1','project description updated'),(0000000002,'testproject2','this project does that'),(0000000043,'new project','a project'),(0000000046,'new project','this is to test the delete functionality'),(0000000048,'data mining','revise <header><h1>henry,</h1></header>'),(0000000049,'operating systems','revise'),(0000000050,'gis','revise'),(0000000051,'managing <b>it</b> in a global','revise');
/*!40000 ALTER TABLE `project` ENABLE KEYS */;
UNLOCK TABLES;

--
-- Table structure for table `project_estimation`
--

DROP TABLE IF EXISTS `project_estimation`;
/*!40101 SET @saved_cs_client     = @@character_set_client */;
/*!40101 SET character_set_client = utf8 */;
CREATE TABLE `project_estimation` (
  `proj_id` int(10) unsigned zerofill NOT NULL COMMENT 'this provides the link to each project',
  `est_id` int(10) unsigned zerofill NOT NULL COMMENT 'this provides the link to each estimation',
  UNIQUE KEY `proj_id` (`proj_id`),
  UNIQUE KEY `est_id` (`est_id`)
) ENGINE=InnoDB DEFAULT CHARSET=utf8 COMMENT='This table provides the link between projects and their estimation';
/*!40101 SET character_set_client = @saved_cs_client */;

--
-- Dumping data for table `project_estimation`
--

LOCK TABLES `project_estimation` WRITE;
/*!40000 ALTER TABLE `project_estimation` DISABLE KEYS */;
INSERT INTO `project_estimation` VALUES (0000000001,0000000001),(0000000002,0000000002),(0000000003,0000000003),(0000000048,0000000489),(0000000049,0000000490),(0000000050,0000000491),(0000000051,0000000492);
/*!40000 ALTER TABLE `project_estimation` ENABLE KEYS */;
UNLOCK TABLES;

--
-- Table structure for table `staff`
--

DROP TABLE IF EXISTS `staff`;
/*!40101 SET @saved_cs_client     = @@character_set_client */;
/*!40101 SET character_set_client = utf8 */;
CREATE TABLE `staff` (
  `STAFF_ID` int(10) unsigned zerofill NOT NULL AUTO_INCREMENT COMMENT 'Hold the identifier of the staff identifier',
  `STAFF_FIRST_NM` varchar(30) NOT NULL COMMENT 'Hold the first name of the staff member',
  `STAFF_LAST_NM` varchar(30) NOT NULL COMMENT 'Hold the last name of the staff member',
  `STAFF_PHONE` varchar(32) DEFAULT NULL COMMENT 'Hold the staff members telephone number (after PHP validation)',
  `STAFF_EMAIL` varchar(50) DEFAULT NULL COMMENT 'Hold the staff members email address',
  PRIMARY KEY (`STAFF_ID`)
) ENGINE=InnoDB AUTO_INCREMENT=390 DEFAULT CHARSET=utf8 COMMENT='Store STAFF information';
/*!40101 SET character_set_client = @saved_cs_client */;

--
-- Dumping data for table `staff`
--

LOCK TABLES `staff` WRITE;
/*!40000 ALTER TABLE `staff` DISABLE KEYS */;
INSERT INTO `staff` VALUES (0000000001,'new','staff','1234','email@email.com'),(0000000002,'new','staff','2014','james@email.com'),(0000000031,'new','staff','2341','email@mail.com'),(0000000095,'','','',''),(0000000222,'NULL','NULL','NULL','NULL'),(0000000223,'NULL','NULL','NULL','NULL'),(0000000224,'NULL','NULL','NULL','NULL'),(0000000225,'NULL','NULL','NULL','NULL'),(0000000226,'NULL','NULL','NULL','NULL'),(0000000227,'NULL','NULL','NULL','NULL'),(0000000228,'NULL','NULL','NULL','NULL'),(0000000229,'NULL','NULL','NULL','NULL'),(0000000230,'NULL','NULL','NULL','NULL'),(0000000231,'NULL','NULL','NULL','NULL'),(0000000232,'NULL','NULL','NULL','NULL'),(0000000233,'NULL','NULL','NULL','NULL'),(0000000236,'NULL','NULL','NULL','NULL'),(0000000237,'NULL','NULL','NULL','NULL'),(0000000238,'NULL','NULL','NULL','NULL'),(0000000239,'NULL','NULL','NULL','NULL'),(0000000240,'NULL','NULL','NULL','NULL'),(0000000241,'NULL','NULL','NULL','NULL'),(0000000242,'NULL','NULL','NULL','NULL'),(0000000243,'NULL','NULL','NULL','NULL'),(0000000244,'NULL','NULL','NULL','NULL'),(0000000245,'NULL','NULL','NULL','NULL'),(0000000246,'NULL','NULL','NULL','NULL'),(0000000247,'NULL','NULL','NULL','NULL'),(0000000248,'NULL','NULL','NULL','NULL'),(0000000249,'NULL','NULL','NULL','NULL'),(0000000250,'NULL','NULL','NULL','NULL'),(0000000251,'NULL','NULL','NULL','NULL'),(0000000252,'NULL','NULL','NULL','NULL'),(0000000253,'NULL','NULL','NULL','NULL'),(0000000254,'NULL','NULL','NULL','NULL'),(0000000255,'NULL','NULL','NULL','NULL'),(0000000256,'NULL','NULL','NULL','NULL'),(0000000257,'NULL','NULL','NULL','NULL'),(0000000258,'NULL','NULL','NULL','NULL'),(0000000259,'NULL','NULL','NULL','NULL'),(0000000260,'NULL','NULL','NULL','NULL'),(0000000261,'NULL','NULL','NULL','NULL'),(0000000262,'NULL','NULL','NULL','NULL'),(0000000263,'NULL','NULL','NULL','NULL'),(0000000264,'NULL','NULL','NULL','NULL'),(0000000265,'NULL','NULL','NULL','NULL'),(0000000266,'NULL','NULL','NULL','NULL'),(0000000267,'NULL','NULL','NULL','NULL'),(0000000268,'NULL','NULL','NULL','NULL'),(0000000269,'NULL','NULL','NULL','NULL'),(0000000270,'NULL','NULL','NULL','NULL'),(0000000271,'NULL','NULL','NULL','NULL'),(0000000272,'NULL','NULL','NULL','NULL'),(0000000273,'NULL','NULL','NULL','NULL'),(0000000274,'NULL','NULL','NULL','NULL'),(0000000275,'NULL','NULL','NULL','NULL'),(0000000276,'NULL','NULL','NULL','NULL'),(0000000277,'NULL','NULL','NULL','NULL'),(0000000278,'NULL','NULL','NULL','NULL'),(0000000279,'NULL','NULL','NULL','NULL'),(0000000280,'NULL','NULL','NULL','NULL'),(0000000281,'NULL','NULL','NULL','NULL'),(0000000282,'NULL','NULL','NULL','NULL'),(0000000283,'NULL','NULL','NULL','NULL'),(0000000284,'NULL','NULL','NULL','NULL'),(0000000285,'NULL','NULL','NULL','NULL'),(0000000286,'NULL','NULL','NULL','NULL'),(0000000287,'NULL','NULL','NULL','NULL'),(0000000288,'NULL','NULL','NULL','NULL'),(0000000289,'NULL','NULL','NULL','NULL'),(0000000290,'NULL','NULL','NULL','NULL'),(0000000291,'NULL','NULL','NULL','NULL'),(0000000292,'NULL','NULL','NULL','NULL'),(0000000293,'NULL','NULL','NULL','NULL'),(0000000294,'NULL','NULL','NULL','NULL'),(0000000295,'NULL','NULL','NULL','NULL'),(0000000296,'NULL','NULL','NULL','NULL'),(0000000297,'NULL','NULL','NULL','NULL'),(0000000298,'NULL','NULL','NULL','NULL'),(0000000299,'NULL','NULL','NULL','NULL'),(0000000300,'NULL','NULL','NULL','NULL'),(0000000301,'NULL','NULL','NULL','NULL'),(0000000302,'NULL','NULL','NULL','NULL'),(0000000303,'NULL','NULL','NULL','NULL'),(0000000304,'NULL','NULL','NULL','NULL'),(0000000305,'NULL','NULL','NULL','NULL'),(0000000306,'NULL','NULL','NULL','NULL'),(0000000307,'NULL','NULL','NULL','NULL'),(0000000308,'NULL','NULL','NULL','NULL'),(0000000309,'NULL','NULL','NULL','NULL'),(0000000310,'NULL','NULL','NULL','NULL'),(0000000311,'NULL','NULL','NULL','NULL'),(0000000312,'NULL','NULL','NULL','NULL'),(0000000313,'NULL','NULL','NULL','NULL'),(0000000314,'NULL','NULL','NULL','NULL'),(0000000315,'NULL','NULL','NULL','NULL'),(0000000316,'NULL','NULL','NULL','NULL'),(0000000317,'NULL','NULL','NULL','NULL'),(0000000318,'NULL','NULL','NULL','NULL'),(0000000319,'NULL','NULL','NULL','NULL'),(0000000320,'NULL','NULL','NULL','NULL'),(0000000321,'NULL','NULL','NULL','NULL'),(0000000322,'NULL','NULL','NULL','NULL'),(0000000323,'NULL','NULL','NULL','NULL'),(0000000324,'NULL','NULL','NULL','NULL'),(0000000325,'NULL','NULL','NULL','NULL'),(0000000326,'NULL','NULL','NULL','NULL'),(0000000327,'NULL','NULL','NULL','NULL'),(0000000328,'NULL','NULL','NULL','NULL'),(0000000329,'NULL','NULL','NULL','NULL'),(0000000330,'NULL','NULL','NULL','NULL'),(0000000331,'NULL','NULL','NULL','NULL'),(0000000332,'NULL','NULL','NULL','NULL'),(0000000333,'NULL','NULL','NULL','NULL'),(0000000334,'NULL','NULL','NULL','NULL'),(0000000335,'NULL','NULL','NULL','NULL'),(0000000336,'NULL','NULL','NULL','NULL'),(0000000337,'NULL','NULL','NULL','NULL'),(0000000338,'NULL','NULL','NULL','NULL'),(0000000339,'NULL','NULL','NULL','NULL'),(0000000340,'NULL','NULL','NULL','NULL'),(0000000341,'NULL','NULL','NULL','NULL'),(0000000342,'NULL','NULL','NULL','NULL'),(0000000343,'NULL','NULL','NULL','NULL'),(0000000344,'NULL','NULL','NULL','NULL'),(0000000345,'NULL','NULL','NULL','NULL'),(0000000346,'NULL','NULL','NULL','NULL'),(0000000347,'NULL','NULL','NULL','NULL'),(0000000348,'NULL','NULL','NULL','NULL'),(0000000349,'NULL','NULL','NULL','NULL'),(0000000350,'NULL','NULL','NULL','NULL'),(0000000351,'NULL','NULL','NULL','NULL'),(0000000352,'NULL','NULL','NULL','NULL'),(0000000353,'sid','meers','1914','sid@sid.com'),(0000000354,'sid','meers','1914','sid@sid.com'),(0000000356,'NULL','NULL','NULL','NULL'),(0000000357,'NULL','NULL','NULL','NULL'),(0000000358,'NULL','NULL','NULL','NULL'),(0000000359,'NULL','NULL','NULL','NULL'),(0000000360,'NULL','NULL','NULL','NULL'),(0000000361,'NULL','NULL','NULL','NULL'),(0000000363,'NULL','NULL','NULL','NULL'),(0000000364,'NULL','NULL','NULL','NULL'),(0000000365,'NULL','NULL','NULL','NULL'),(0000000366,'NULL','NULL','NULL','NULL'),(0000000367,'NULL','NULL','NULL','NULL'),(0000000368,'NULL','NULL','NULL','NULL'),(0000000369,'NULL','NULL','NULL','NULL'),(0000000370,'NULL','NULL','NULL','NULL'),(0000000371,'NULL','NULL','NULL','NULL'),(0000000372,'NULL','NULL','NULL','NULL'),(0000000373,'NULL','NULL','NULL','NULL'),(0000000374,'NULL','NULL','NULL','NULL'),(0000000375,'NULL','NULL','NULL','NULL'),(0000000376,'NULL','NULL','NULL','NULL'),(0000000377,'NULL','NULL','NULL','NULL'),(0000000378,'NULL','NULL','NULL','NULL'),(0000000379,'NULL','NULL','NULL','NULL'),(0000000380,'NULL','NULL','NULL','NULL'),(0000000381,'NULL','NULL','NULL','NULL'),(0000000382,'NULL','NULL','NULL','NULL'),(0000000383,'NULL','NULL','NULL','NULL'),(0000000384,'NULL','NULL','NULL','NULL'),(0000000385,'NULL','NULL','NULL','NULL'),(0000000386,'NULL','NULL','NULL','NULL'),(0000000387,'NULL','NULL','NULL','NULL'),(0000000388,'NULL','NULL','NULL','NULL');
/*!40000 ALTER TABLE `staff` ENABLE KEYS */;
UNLOCK TABLES;

--
-- Table structure for table `staff_task`
--

DROP TABLE IF EXISTS `staff_task`;
/*!40101 SET @saved_cs_client     = @@character_set_client */;
/*!40101 SET character_set_client = utf8 */;
CREATE TABLE `staff_task` (
  `TSK_ID` int(10) unsigned zerofill NOT NULL COMMENT 'Field to store task id',
  `STAFF_ID` int(10) unsigned zerofill NOT NULL COMMENT 'Field to store staff id'
) ENGINE=InnoDB DEFAULT CHARSET=utf8 COMMENT='Table to provide join between staff member and task';
/*!40101 SET character_set_client = @saved_cs_client */;

--
-- Dumping data for table `staff_task`
--

LOCK TABLES `staff_task` WRITE;
/*!40000 ALTER TABLE `staff_task` DISABLE KEYS */;
INSERT INTO `staff_task` VALUES (0000000002,0000000002),(0000000002,0000000002),(0000000002,0000000032),(0000000002,0000000032),(0000000021,0000000036),(0000000022,0000000037),(0000000023,0000000038),(0000000024,0000000039),(0000000026,0000000041),(0000000002,0000000042),(0000000028,0000000043),(0000000029,0000000044),(0000000031,0000000046),(0000000032,0000000047),(0000000033,0000000048),(0000000034,0000000049),(0000000098,0000000125),(0000000099,0000000126),(0000000101,0000000163),(0000000102,0000000187),(0000000103,0000000234),(0000000104,0000000235),(0000000105,0000000355),(0000000140,0000000362),(0000000141,0000000389);
/*!40000 ALTER TABLE `staff_task` ENABLE KEYS */;
UNLOCK TABLES;

--
-- Table structure for table `task`
--

DROP TABLE IF EXISTS `task`;
/*!40101 SET @saved_cs_client     = @@character_set_client */;
/*!40101 SET character_set_client = utf8 */;
CREATE TABLE `task` (
  `TSK_ID` int(10) unsigned zerofill NOT NULL AUTO_INCREMENT COMMENT 'Task identifier',
  `PROJ_ID` int(10) unsigned zerofill NOT NULL COMMENT 'Identify associated project',
  `STATUS` enum('Not Started','In Progress','Finished') NOT NULL DEFAULT 'Not Started' COMMENT 'Display task status',
  `TASK_NM` varchar(30) NOT NULL COMMENT 'Name of the task',
  `WEB_ADDR` varchar(200) DEFAULT NULL COMMENT 'Any email address associated with the task',
  `TSK_DESCR` varchar(200) DEFAULT NULL COMMENT 'Description of the task',
  PRIMARY KEY (`TSK_ID`),
  KEY `PROJ_ID` (`PROJ_ID`,`STATUS`)
) ENGINE=InnoDB AUTO_INCREMENT=142 DEFAULT CHARSET=utf8 COMMENT='Table to store all task data';
/*!40101 SET character_set_client = @saved_cs_client */;

--
-- Dumping data for table `task`
--

LOCK TABLES `task` WRITE;
/*!40000 ALTER TABLE `task` DISABLE KEYS */;
INSERT INTO `task` VALUES (0000000002,0000000001,'In Progress','test task 3','NULL','a description'),(0000000005,0000000002,'Finished','finsihed test proj',NULL,'description'),(0000000016,0000000042,'Not Started','Task','','this is a task'),(0000000069,0000000001,'Not Started','Task Updated','NULL','Updated!!'),(0000000070,0000000001,'Not Started','new task','NULL','description updated'),(0000000102,0000000001,'In Progress','test task 3','NULL','description updated'),(0000000114,0000000001,'Not Started','new task','NULL','asdqf'),(0000000115,0000000001,'Not Started','new task','NULL','asdqf'),(0000000116,0000000001,'Not Started','new task','NULL','asdqf'),(0000000117,0000000001,'Not Started','new task','NULL','asdqf'),(0000000118,0000000001,'Not Started','new task','NULL','asdqf'),(0000000119,0000000001,'Not Started','new task','NULL','asdqf'),(0000000120,0000000001,'Not Started','new task','NULL','asdqf'),(0000000121,0000000001,'Not Started','new task','NULL','asdqf'),(0000000122,0000000001,'Not Started','new task','NULL','asdqf'),(0000000123,0000000001,'Not Started','new task','NULL','asdqf'),(0000000124,0000000001,'Not Started','new task','NULL','asdqf'),(0000000125,0000000001,'Not Started','new task','NULL','asdqf'),(0000000126,0000000001,'Not Started','new task','NULL','asdqf'),(0000000127,0000000001,'Not Started','new task','NULL','asdqf'),(0000000128,0000000001,'Not Started','new task','NULL','asdqf'),(0000000129,0000000001,'Not Started','new task','NULL','asdqf'),(0000000130,0000000001,'Not Started','new task','NULL','asdqf'),(0000000131,0000000001,'Not Started','new task','NULL','asdqf'),(0000000132,0000000001,'Not Started','new task','NULL','asdqf'),(0000000133,0000000001,'Not Started','new task','NULL','asdqf'),(0000000134,0000000001,'Not Started','new task','NULL','asdqf'),(0000000135,0000000001,'Not Started','new task','NULL','asdqf'),(0000000136,0000000001,'Not Started','new task','NULL','asdqf'),(0000000137,0000000001,'Not Started','new task','NULL','asdqf'),(0000000138,0000000001,'Not Started','new task','NULL','asdqf'),(0000000139,0000000001,'Not Started','new task','NULL','asdqf');
/*!40000 ALTER TABLE `task` ENABLE KEYS */;
UNLOCK TABLES;

--
-- Table structure for table `task_dependency`
--

DROP TABLE IF EXISTS `task_dependency`;
/*!40101 SET @saved_cs_client     = @@character_set_client */;
/*!40101 SET character_set_client = utf8 */;
CREATE TABLE `task_dependency` (
  `DEPENDENCY_ID` int(10) unsigned zerofill NOT NULL COMMENT 'Dependency Identifier',
  `TSK_ID` int(10) unsigned zerofill NOT NULL COMMENT 'Store task identifier',
  PRIMARY KEY (`TSK_ID`)
) ENGINE=InnoDB DEFAULT CHARSET=utf8 COMMENT='Table to hold information pertaining to the relationships between tasks';
/*!40101 SET character_set_client = @saved_cs_client */;

--
-- Dumping data for table `task_dependency`
--

LOCK TABLES `task_dependency` WRITE;
/*!40000 ALTER TABLE `task_dependency` DISABLE KEYS */;
INSERT INTO `task_dependency` VALUES (0000000000,0000000000),(0000000002,0000000002),(0000000005,0000000006),(0000000005,0000000020),(0000000000,0000000098),(0000000000,0000000099),(0000000000,0000000100),(0000000000,0000000101),(0000000000,0000000102),(0000000000,0000000103),(0000000000,0000000104),(0000000000,0000000105),(0000000000,0000000140),(0000000000,0000000141);
/*!40000 ALTER TABLE `task_dependency` ENABLE KEYS */;
UNLOCK TABLES;

--
-- Table structure for table `task_estimation`
--

DROP TABLE IF EXISTS `task_estimation`;
/*!40101 SET @saved_cs_client     = @@character_set_client */;
/*!40101 SET character_set_client = utf8 */;
CREATE TABLE `task_estimation` (
  `tsk_id` int(10) unsigned zerofill NOT NULL COMMENT 'This is the link to each task',
  `est_id` int(10) unsigned zerofill NOT NULL COMMENT 'This is the link to each estimation',
  UNIQUE KEY `tsk_id` (`tsk_id`,`est_id`)
) ENGINE=InnoDB DEFAULT CHARSET=utf8 COMMENT='This table provides the link between TASK and ESTIMATION';
/*!40101 SET character_set_client = @saved_cs_client */;

--
-- Dumping data for table `task_estimation`
--

LOCK TABLES `task_estimation` WRITE;
/*!40000 ALTER TABLE `task_estimation` DISABLE KEYS */;
INSERT INTO `task_estimation` VALUES (0000000002,0000000002),(0000000006,0000000000),(0000000026,0000000089),(0000000027,0000000090),(0000000028,0000000091),(0000000029,0000000092),(0000000030,0000000093),(0000000031,0000000094),(0000000032,0000000095),(0000000044,0000000075),(0000000102,0000000363);
/*!40000 ALTER TABLE `task_estimation` ENABLE KEYS */;
UNLOCK TABLES;

--
-- Table structure for table `user_project`
--

DROP TABLE IF EXISTS `user_project`;
/*!40101 SET @saved_cs_client     = @@character_set_client */;
/*!40101 SET character_set_client = utf8 */;
CREATE TABLE `user_project` (
  `user_id` varchar(50) NOT NULL COMMENT 'Field to store user id',
  `proj_id` int(10) unsigned zerofill NOT NULL,
  PRIMARY KEY (`proj_id`)
) ENGINE=InnoDB DEFAULT CHARSET=utf8 COMMENT='Table to hold associations between users and their projects';
/*!40101 SET character_set_client = @saved_cs_client */;

--
-- Dumping data for table `user_project`
--

LOCK TABLES `user_project` WRITE;
/*!40000 ALTER TABLE `user_project` DISABLE KEYS */;
INSERT INTO `user_project` VALUES ('testuser1',0000000001),('testuser2',0000000002),('hennerz',0000000048),('hennerz',0000000049),('hennerz',0000000050),('hennerz',0000000051);
/*!40000 ALTER TABLE `user_project` ENABLE KEYS */;
UNLOCK TABLES;
/*!40103 SET TIME_ZONE=@OLD_TIME_ZONE */;

/*!40101 SET SQL_MODE=@OLD_SQL_MODE */;
/*!40014 SET FOREIGN_KEY_CHECKS=@OLD_FOREIGN_KEY_CHECKS */;
/*!40014 SET UNIQUE_CHECKS=@OLD_UNIQUE_CHECKS */;
/*!40101 SET CHARACTER_SET_CLIENT=@OLD_CHARACTER_SET_CLIENT */;
/*!40101 SET CHARACTER_SET_RESULTS=@OLD_CHARACTER_SET_RESULTS */;
/*!40101 SET COLLATION_CONNECTION=@OLD_COLLATION_CONNECTION */;
/*!40111 SET SQL_NOTES=@OLD_SQL_NOTES */;

-- Dump completed on 2014-04-27 21:29:55
