<?xml version="1.0" encoding="UTF-8"?>
<project-private xmlns="http://www.netbeans.org/ns/project-private/1">
    <editor-bookmarks xmlns="http://www.netbeans.org/ns/editor-bookmarks/2" lastBookmarkId="1">
        <file>
            <url>Includes/System/Model/Estimation_Model.php</url>
            <bookmark id="1">
                <name/>
                <line>69</line>
                <key/>
            </bookmark>
        </file>
    </editor-bookmarks>
    <open-files xmlns="http://www.netbeans.org/ns/projectui-open-files/2">
        <group>
            <file>file:/C:/wamp/www/FinalYearProject/Includes/System/Controller/Home_Controller.php</file>
            <file>file:/C:/wamp/www/FinalYearProject/Includes/System/Controller/Login_Controller.php</file>
            <file>file:/C:/wamp/www/FinalYearProject/Includes/System/Model/Project_Model.php</file>
            <file>file:/C:/wamp/www/FinalYearProject/Includes/common/Database.class.php</file>
            <file>file:/C:/wamp/www/FinalYearProject/Includes/System/Model/Account_Model.php</file>
            <file>file:/C:/wamp/www/FinalYearProject/Includes/common/Database_Queries.class.php</file>
        </group>
    </open-files>
</project-private>
